{
  "index": {
    "title": "Case Studies | WebAble Digital | A Digital Marketing Agency In Bangladesh",
    "description": "This is my description",
    "type": "website",
    "image-url": "",
    "url": "http://webable.digital/case-studies"
  },
 "i-am-real": {
    "title": "I am Real | Case Studies | WebAble Digital | A Digital Marketing Agency In Bangladesh",
    "description": "This is my description",
    "type": "website",
    "image-url": "",
    "url": "http://webable.digital/case-studies" 
 }
}